Song_Name_en,Song_Name_sn,Lyricist_en,Lyricist_sn,Lyrics,Composer_en,Composer_sn,Singer_en,Singer_sn,Metaphor_01,Metaphor_01_meaning,Metaphor_02,Metaphor_02_meaning
Ahasai oba mata,අහසයි ඔබ මට,Bandula Nanayakkarawasam,බන්දුල නානායක්කාරවස​ම්,"අහසයි ඔබ මට 
නිම් හිම් නොපෙනෙන
ඉණිමං බදි​නු බැරී
පොළවයි ඔබ මට
රෑ කල පතිත වෙ​මී",Rohana Weerasinghe,රෝහණ වීරසිං​හ,Sunil Edirisinghe,සුනිල් එදිරිසිං​හ,අහසයි ඔබ ම​ට,ප්‍රමාණය මැනිය නොහැකි තරම් වටිනා බව,පොළොවයි ඔබ මට,ආදරයේ ස්ථාවර බව
Awapasa Ahasaka,අවපස අහසක,Kularathna Ariyawansha,කුලරත්න ආරියවං​ශ,"අවපස අහසක තරු ලකුණක් සේ
අපමණ සයුරක තුරු දසුනක් සේ
දිගු දිවි ගමනේ. ඉම ඔබ රැදුනේ...",Rohana Weerasinghe,රෝහණ වීරසිං​හ,Sunil Edirisinghe,සුනිල් එදිරිසිං​හ,අවපස අහසක තරු ලකුණක් සේ,අන්ධකාරය ඇති ජීවිතයකට නව බලාපොරොත්තුවක් ලැබීම,අපමණ සයුරක තුරු දසුනක් සේ,දුර්ලභ බව 
Batha Ka iwarai,බත් කා ඉවරයි,Parakrama Kodithuwakku,පරාක්‍රම කොඩිතුවක්​කු,"බත කා ඉවරයි බලමින් උන්නොත්
ටික කලකින් සිංහල හාලේ
ඉංග්‍රී​සි හරකා උඩරට ඉඩමෙන්
පන්නන්නට සැරසෙව් රාළේ...",Premasiri Kemadasa,ප්‍රේමසිරි කේමදා​ස,Sunil Edirisinghe,සුනිල් එදිරිසිං​හ,ඉංග්‍රී​සි හරකා,ඉංග්‍රීසි ජාතිකයන් අනුවණ බව නිරූපණය කිරීමට,,
Deweni Budun Lesa,දෙවැනි බුදුන් ලෙස,Sunil Ariyarathne,සුනිල් ආරියර​ත්​න,"දෙවැනි බුදුන් ලෙස
ලොවම උවම් කළ
ලොවක පිදුම් ලද
ලොවට උතුම් ළඳ
අම්මා.....අම්මා.....අම්මා.....",Rohana Weerasinghe,රෝහණ වීරසිං​හ,Sunil Edirisinghe,සුනිල් එදිරිසිං​හ,දෙවෙනි බුදුන් ලෙස,උතුම් බව හැඟවීමට,,
Duwe Numba mage pranayai,දුවේ නුඹ මගෙ ප්‍රාණයයි,Bandara Aheliyagoda,බණ්ඩාර ඇහැලියගො​ඩ,"දුවේ නුඹ මගෙ ප්‍රාණයයි
සැබෑ වුණ සුබ සිහිනයයි
සෙනෙහසින් කුලගෙට පියනගන්නේ
සනුහරේ අභිමානයයි

මං මලක් ලෙස නුඹ නොහැදුවේ
පෙති හැලී පරවෙන නිසාමයි
දුක දිනා හිනැහෙන හැටි දුවේ
නුඹ දැන උගත් පාඩම තමයි",Rohana Weerasinghe,රෝහණ වීරසිං​හ,Sunil Edirisinghe,සුනිල් එදිරිසිං​හ,මලක් ලෙස,"සියුම් , ඉතා ඉක්මණින් පරව යන සුලු",දුවේ නුඹ මගෙ ප්‍රාණයයි,දුවගේ වටිනාකම ඔප්පු කර පෙන්වීමට
Eka yaye kaka wetee,එක යායේ කකා වැටී,Premakeerthi Alwis,ප්‍රේමකීර්ති අල්වි​ස්,"වළට වැටුණු එකා යකා
වළටම ඇද ගනු මිසකා
වළෙන් උඩට එන්නට අත දෙන්නට කැමතී
නෑදෑ හිතවතෙක් නැතී ඒ ගැන හිතුවොත් යෙහෙකී
කසාදෙ නං කසාය හරි තිත්ත බේතකි",HM Jayawardena,එච් එම් ජයවර්ධ​න,Sunil Edirisinghe,සුනිල් එදිරිසිං​හ,කසාදෙ නං කසාය හරි තිත්ත බේතකි,විවාහ දිවියේ අසිරු බව,,
Hade kothanaka ho hindee,හදේ කොතැනක හෝ හිදී,Kumaradasa Saputhanthree,කුමාරදාස සපුතන්​ත්‍රී,"සයුර ඉම ලත් සිතිජ රේඛාවේ
මියෙන හිරැ සේ ගිලී බිම් අඳුරේ
තලා මා සිත පලා ගිය ඔබ
දවයි මා ........ අද
තනිවෙනා මොහොතින්",Rohana Weerasinghe,රෝහණ වීරසිං​හ,Sunil Edirisinghe,සුනිල් එදිරිසිං​හ,මියෙන හිරැ සේ ගිලී ගිම් අඳුරේ,මොහොතකින් අතුරුදහන්වන,,
Hansa Rajini,හංස රාජිනී,Kumaradasa Saputhanthree,කුමාරදාස සපුතන්​ත්‍රී,"හංස රාජිනී සේ
හංස රාජිනී සේ
මන මෝහනීය රංගනීයේ
හංස රාජිනී සේ
මන මෝහනීය රංගනීයේ
හංස රාජිනී",Rohana Weerasinghe,රෝහණ වීරසිං​හ,Sunil Edirisinghe,සුනිල් එදිරිසිං​හ,හංස රාජිනී සේ,ඉතා ලස්සන,,
Hindiwi Kothanaka Ho,හිඳීවි කොතැනක හෝ,Kularathna Ariyawansha,කුලරත්න ආරියවංශ,"අකුලක පිපෙන නැවුම් මලක් සේ…
නදියක නැගෙන තරංඟයක් සේ…
නලලට සිහිල් පවන් රොදක් සේ
නොසිතුව විටක ලගාවේ – නුඹ විදි අදුර නිමාවේ..",Rohana Weerasinghe,රෝහණ වීරසිං​හ,Sunil Edirisinghe,සුනිල් එදිරිසිං​හ,නැවුම් මලක් සේ,කුලුදුල්,තරංඟයක් සේ,වෙනස් වන සුලු බව
Lak wesiyan kerehi nemi,ලක් වැසියන් කෙරෙහි නැමී,S Mahinda Himi,එස් මහින්ද හි​මි,"ජාතිය රන් විමනක් වේ
ආගම මිණි පහනක් වේ
එය ‍රැකගන්නට මෙලොවේ
සමත් වෙතොත් පුත නුඹ වේ",Rohana Weerasinghe,රෝහණ වීරසිං​හ,Sunil Edirisinghe,සුනිල් එදිරිසිං​හ,ජාතිය රන් විමනක් වේ,ඉතා වටිනා බව,ආගම මිණි පහනක් වේ,ආලෝකය ලබා දෙන බව
Lenchina Mage Nangiye,ලෙන්චිනා මගෙ නන්ගියේ,Rathna Shree Wijesinghe,රත්න ශ්‍රී විජේසිංහ,"පෙත්තරේ ලඟ
පැන් තොටේ
ගම්මානයේ පව් සෝදනා
රත්තරන් වී
කළු වලාකුළු
චන්ද්‍රයා සේ…
පායනා…
ලෙන්චිනා ඇති
වැඩ කලා දැන්
ගෙදර යං
කළුවර වුණා…",Rohana Weerasinghe,රෝහණ වීරසිං​හ,Sunil Edirisinghe,සුනිල් එදිරිසිං​හ,චන්ද්‍රයා සේ,දීප්තිමත්ව ,,
Ma ithin yanna yanawa,මා ඉතින් යන්න යනවා,Rathna Shree Wijesinghe,රත්න ශ්‍රී විජේසිංහ,"නුඹ සඳක් වෙලා පායා
මට එලිය වුනු වගයි
නුඹ සඳක් සේම බැස යයි
මට අයිති කළුවරයි
මගෙ මතක එපමණයි",Rohana Weerasinghe,රෝහණ වීරසිං​හ,Sunil Edirisinghe,සුනිල් එදිරිසිං​හ,නුඹ සඳක් සේ,අදුරු ජීවිතයකට ආලෝකය ලබා දෙන,,
Malak wela oba pipenna,මලක් වෙලා ඔබ පිපෙන්න,Kumaradasa Saputhanthree,කුමාරදාස සපුතන්​ත්‍රී,"මලක් වෙලා ඔබ පිපෙන්න.
ආදරේ... සුවඳ දෙන්න.
ගඟක් වගේ ඔබ ගලන්න.
සෙනෙහසින්.... පිරී යන්න.",Rohana Weerasinghe,රෝහණ වීරසිං​හ,Sunil Edirisinghe,සුනිල් එදිරිසිං​හ,මලක් වෙලා ඔබ පිපෙන්න,නැවුම් බව,ගඟක් වගේ ඔබ ගලන්න,"රිද්මයානුකූලව , නැවුම්ව"
Malliye naraka mithuran,මල්ලියෙ නරක මිතුරන්,Sunil Ariyarathne,සුනිල් ආරියරත්න,"දළදා මැදුරෙ තේවා හඬ රැව් දෙනවා
කල පව් මතක් වී දෑසම තෙත් වෙනවා
සියක් වාරයක් මැරි මැරි උපදිනවා
තිබහට වතුර වෙනුවට කඳුලැලි බොනවා",Rohana Weerasinghe,රෝහණ වීරසිං​හ,Sunil Edirisinghe,සුනිල් එදිරිසිං​හ,වතුර වෙනුවට කඳුලැලි බොනවා,අතිශයින් දුක්ඛ දායක බ​ව,,
Minisa Suwandai mala se,මිනිසා සුවඳයි මල සේ,Kumaradasa Saputhanthree,කුමාරදාස සපුතන්​ත්‍රී,"මිනිසා සුවඳයි මල සේ
නුවණින් එළියයි හිරු සේ
පරවී වැටිලා ඒ හිරු මල මේ දෙරණේ",Rohana Weerasinghe,රෝහණ වීරසිං​හ,Sunil Edirisinghe,සුනිල් එදිරිසිං​හ,මිනිසා සුවඳයි මල සේ,යහපත් ගතිගුණ බොහෝ දුරට පැතිරෙන බව,,
Nim therak nodutu me lokaye,නිම් තෙරක් නොදුටු මේ ලෝකයේ,Bandula Nanayakkarawasam,බන්දුල නානායක්කාරවසම්,"නිම් තෙරක් නොදුටු මේ ලෝකයේ
රුදු සපුන් නිබඳ සරනා බිමේ 
ඔබේ සිනා වත මගේ නවාතැන
අරුණු විහිදුවාවී ජීවිතයේ
",Rohana Weerasinghe,රෝහණ වීරසිං​හ,Sunil Edirisinghe,සුනිල් එදිරිසිං​හ,ඔබේ සිනා වත මගේ නවාතැන,ඔබ සිනා සෙන විට ඔබව නුඹ මට ඇති සැනසිලිදායක ම ස්ථානය ලෙස හැඟේ,,
Numbe sithata punsanda payala,නුඹේ සිතට පුන්සඳ පායලා වගේ,Sunil Gamage,සුනිල් ගමගේ,"නුබේ සිතට පුන්සද පායලා වගේ
සිනා කිකිනි මල් පිපුනා දෙතොල දිගේ
එදා නැගුනු ආදර කැක්කුමට මගේ
ජාති ජාති නුබ මට වාසනා නගේ",Rohana Weerasinghe,රෝහණ වීරසිං​හ,Sunil Edirisinghe,සුනිල් එදිරිසිං​හ,නුබේ සිතට පුන්සද පායලා වගේ,සිත සතුටින් පිරීයාම,,
Pena Mada Kadithi,පැන මඩ කඩිති,Mahinda Chandrasekara,මහින්ද චන්ද්රසේකර,"පැන මඩ කඩිති වැවු තාවුලු වැහි කාලේ
පෙන්වා මග නොමග නොවැටී යන තාලේ
සිප් කිරි පෙවූ මූසිලයින් උඩු මාලේ
අපෙ ගුරුතුමා යයි තාමත් ඉස්කොලේ",Rohana Weerasinghe,රෝහණ වීරසිං​හ,Sunil Edirisinghe,සුනිල් එදිරිසිං​හ,සිප් කිරි පෙවූ මූසිලයින්,දැනුමෙන් අගතැන්පත් නමුත් ගුරු ගෞරවයක් නොමැති,,
Paru Palamen,පාරු පාලමෙන්,Ashoka Kovilage,අශෝක කෝවිලගේ,"කොලබ රටේ ඉපදුනාට මටම ඔබින සෙලෙස්තිනා
බේරෙ වැවට හද පෑව්වා වාගේ මට උබේ සිනා
කවාකුරුත්තාව ඇදං මුතු දෙපොටක් ගෙලේ දමා
සාන්ත බස්තියන් ඇලේ පාරු පදිමු සෙලෙස්තිනා",Rohana Weerasinghe,රෝහණ වීරසිං​හ,Sunil Edirisinghe,සුනිල් එදිරිසිං​හ,හද පෑව්වා වාගේ මට උබේ සිනා,අදුරු ජීවිතයකට ආලෝකය ලබාදීම,,
Pata Dedunu Sedila,පාට දේදුනු සේදිලා,Kumaradasa Saputhanthree,කුමාරදාස සපුතන්​ත්‍රී,"ඈ ළවන්තෙරේ
සෝ ගී සුසුම් නැගේ
මීදුම් වලාලෙසින් පාවී
ඈතින් හැපී බිදේ.",Rohana Weerasinghe,රෝහණ වීරසිං​හ,Sunil Edirisinghe,සුනිල් එදිරිසිං​හ,සෝ ගී සුසුම් නැගේ මීදුම් වලා ලෙසින්,කණගාටුදායක අත්දැකීම් නිසා ජීවිතයම අපැහැදිලි වී ඇති බව,,
Pura poya handata,පුර පෝය හඳට,Sunil Gamage,සුනිල් ගම​ගේ,"පුර පෝය හඳට පෙමින් බැඳුනු තාරකා ලඳුන්
ගී හඬින් කියන පෙම් කතාව අසාගෙන වරෙන්",HM Jayawardena,එච් එම් ජයවර්ධ​න,Sunil Edirisinghe,සුනිල් එදිරිසිං​හ,තාරකා ලඳුන්,ඉතා ලස්සන යුවතියන්,,
Ran malak lesa,රන් මලක් ලෙස,Kumaradasa Saputhanthree,කුමාරදාස සපුතන්​ත්‍රී,"රන් මලක් ලෙස දෙව් බඹුන්
දෝතින් පිදූ මේ පින් බිමේ
පස් පිඬක් ගිලිහී නොයන්නට
රන් වැටක් ඇත සිව් කොනේ",Rohana Weerasinghe,රෝහණ වීරසිං​හ,Sunil Edirisinghe,සුනිල් එදිරිසිං​හ,රන් මලක් ලෙස දෙව් බඹුන් දෝතින් පිදූ මේ පින් බිමේ,ඉතා අනර්ඝ පුද සත්කාර ලැබූ,,
Ranmeli Seya wiya,රන්මැලි සෑය විය,Kiramba Sumangala himi,කිරඹ සුමංගල හිමි,"රන්මැලි සෑය විය දිවි අඹරට නැගෙන
සුදොවුන් පියා විය සක්විති මග තනන
සමනල පව්ව විය දුක සැප සම දරන
පිය මහ රජුණි අප ගෙපැලේ රජ කරන...",Manori Uggalage,මනෝරි උග්ගල​ගේ,Sunil Edirisinghe,සුනිල් එදිරිසිං​හ,රන්මැලි සෑය විය දිවි අඹරට නැගෙන,පූජනීය,සමනල පව්ව විය දුක සැප සම දරන,දරාගැනීමේ හැකියාවෙන් ඉහළ
Re weda muraya,රෑ වැඩ මුරය,Bandula Nanayakkarawasam,බන්දුල නානායක්කාරවසම්,"රෑ වැඩ මුරය අවසන් වන කණිසමට
නුඹෙ මුව පෙනෙයි පරවුණු කුසුමක් ලෙසට
අරුණළු කැරලි වැටෙනා සඳ අළුයමට
නුඹේ ලොවට රෑ වෙයි පෙර කල පවට",Rohana Weerasinghe,රෝහණ වීරසිං​හ,Sunil Edirisinghe,සුනිල් එදිරිසිං​හ,නුඹෙ මුව පෙනෙයි පරවුණු කුසුමක් ලෙසට,වෙහෙසට පත්,,
Ruduru thuru wadule,රුදුරු තුරු වදුලේ,Kalo Fonseka,කාලෝ ෆොන්සේකා,"තියුණු කටු අතරේ
දිලෙන සියුමැලියේ..
ඔබයි ජීවන සුවඳ දෙන්නේ
රෝස කුසුම මගේ..
රෝස කුසුම.. මගේ",Rohana Weerasinghe,රෝහණ වීරසිං​හ,Sunil Edirisinghe,සුනිල් එදිරිසිං​හ,රෝස කුසුම මගේ..,ඉතා ලස්සන බව හැගවීමට,,
Sadakalika Nowu Loke,සදාකාලික නොවූ ලෝකේ,Ananda Amarasiri,ආනන්ද අමරසිරි,"මගේ දුක දැක ඔබේ දෙනයන
උපන් කඳුළින් සේදිලා
මගේ දුක දැක ඔබේ දෙනයන
උපන් කඳුළින් සේදිලා
ඔබේ වත නොව ඔබේ හදවත
පුරා සඳ සේ පෑදිලා",Rohana Weerasinghe,රෝහණ වීරසිං​හ,Sunil Edirisinghe,සුනිල් එදිරිසිං​හ,ඔබේ හදවත පුරා සඳ සේ පෑදිලා,අදුරු ජීවිතයකට ආලෝකය ලබා දීම,,
Santhapa Mawathe,සන්තාප මාවතේ,Kumaradasa Saputhanthree,කුමාරදාස සපුතන්​ත්‍රී,"තරුවක් ලෙසින් වැළපී හඩා රැයේ
දැරියක් හිදී තනිවී දෙමංතලේ
නොසැලී රැදී කදුලක් ඇගේ නෙතේ
හඩගා කියයි නටඹුන් අතීතයේ",Rohana Weerasinghe,රෝහණ වීරසිං​හ,Sunil Edirisinghe,සුනිල් එදිරිසිං​හ,තරුවක් ලෙසින් වැළපී,තනිකම,,
Seethala Diya piri,සීතල දිය පිරි,Mahagama Sekara,මහගම සේකර,"සීතල දිය පිරි සුනිල විලයි.
ඒ විල මැද ඔබ සුවඳ මලයි.
ගිමන් නිවාලන සුළං රැලක් වී
ඔබේ සිනා මට පවන් සලයි.",Rohana Weerasinghe,රෝහණ වීරසිං​හ,Sunil Edirisinghe,සුනිල් එදිරිසිං​හ,විල මැද ඔබ සුවඳ මලයි,නැවුම් සුවඳ  විහිදුවන සුළු,,
Aradhana,ආරාධනා,Kularathna Ariyawansha,කුලරත්න ආරියවංශ,"නෙළු සුපෙම් කැටයම් හද පවුරුතලාවේ
මැකී ගියාදෝ කාලයේ වෙරළේ
ජීවිතයේ දිගු ගමනේ අනාථ වූ දා
සෙනේහයේ සත් පියුමන් යළිඳු පිපේවා",Rohana Weerasinghe,රෝහණ වීරසිං​හ,Sunil Edirisinghe,සුනිල් එදිරිසිං​හ,කාලයේ වෙරළේ,කාලය ත් සමඟ ඉක්මනින් අතීත අත්දැකීම් අමතක වන,සෙනේහයේ සත් පියුමන්,ආදරයේ පාරිශුද්ධ බව
Hanthana kandu muduna sisara,හන්තානේ කඳු මුදුන සිසාරා,Wijaya Ramanayake,විජය රාමනායක,"හන්තානේ කඳු මුදුන සිසාරා
පවනක් වී එන්නම්
ඔබේ සුවඳ රැඳි කුටිය සමීපේ
කුසුමක් වී ඉන්නම්",Premasiri Kemadasa,ප්‍රේමසිරි කේමදා​ස,WD Amaradeva,ඩබ් ඩී අමරදේ​ව,පවනක් වී එන්නම්,කෙනෙකුන් සොයා ඕනෑම දුෂ්කර තැනකට පැමිණීම,කුසුමක් වී ඉන්නම්,නැවුම් බව
Kandulu Podak Oba Dese,කඳුළු පොදක් ඔබ දෑසේ,Bodhi Amarasinghe,බෝධි අමරසිංහ,"හද මත් කළ මදිරාවේ
ඔබ සතපා හැම යාමේ
දිවිගමනේ මිණි පහනේ
සේසත වී සෙනේහේ",Rohana Weerasinghe,රෝහණ වීරසිං​හ,Chandralekha Perera,චන්ද්රලේකා පෙරේ​රා,දිවිගමනේ මිණි පහනේ,ජීවිතයේ ආලෝකවත් බව,සේසත වී සෙනේහේ,පූජනීය සංකේතයක්
Neela Nuwan Yuga,නීල නුවන් යුග,Sunil Ariyarathne,සුනිල් ආරියරත්න,"නීල නුවන් යුග කවියක් විය ඔබගේ
පන්හි​ඳ ​​​තුඩගේ පැටලී ඇයගේ හදින් ගැලූ සෙනෙහස
සිතුවමක් විය තෙලි තුඩගේ දැවටී",Rohana Weerasinghe,රෝහණ වීරසිං​හ,Chandralekha Perera,චන්ද්රලේකා පෙරේ​රා,නීල නුවන් යුග කවියක් විය,බැල්මෙන්  පවා අදහස් ප්‍රකාශ කරන බව,සෙනෙහස සිතුවමක් විය,ආදරයේ විචිත්‍රබව
Oba depa dowa bethiyen,ඔබ දෙපා දොවා  බැතියෙන්,Kularathna Ariyawansha,කුලරත්න ආරියවංශ,"ආයාචනය ඔබටයි
දෙවිඳේ මසිත දරනා
මේ යාතිකා ගැයූමයි
ඔබගේ සරණ පතනා",Rohana Weerasinghe,රෝහණ වීරසිං​හ,Chandralekha Perera,චන්ද්රලේකා පෙරේ​රා,ඔබටයි දෙවිඳේ,"දෙවියෙක් මෙන් ගරු කරන බව, ඉතා වටිනා බ​ව",,
Senehasa Windinata pin kara athi muth,සෙනෙහස විඳිනට පින් කර ඇති මුත්,Kularathna Ariyawansha,කුලරත්න ආරියවංශ,"සෙනෙහස විඳිනට පින් කර ඇතිමුත්
පිවිතුරු ඔබේ හදින්
ඔබේ දෙපා ළඟ දූහුවිල්ලක්වත්
වන්නට නොමැත වරම්",Rohana Weerasinghe,රෝහණ වීරසිං​හ,Chandralekha Perera,චන්ද්රලේකා පෙරේ​රා,දූහුවිල්ලක්වත් වන්නට නොමැත වරම්,වටිනාකමක් නැති බව,,
Wana Siwu pawun weni,වන සිව්පාවුන් වැනි,Sunil Ariyarathne,සුනිල් ආරියරත්න,"වන සිව්පාවුන් වැනි මිනිසුන් මැද
දෙවි දේවතාවුන් වැනි මිනිසුන් ඇත
ඒ දේවතාවන් දිව්යාංගනාවන්
මනු ලෝ තලයේ වාසනාවන්",Rohana Weerasinghe,රෝහණ වීරසිං​හ,Chandralekha Perera,චන්ද්රලේකා පෙරේ​රා,වන සිව්පාවුන් වැනි මිනිසුන්,නරක මිනිසුන්,දෙවි දේවතාවුන් වැනි මිනිසුන්,යහපත් මිනිසුන්
Akeekaruda Obe sithath,අකීකරුද ඔබේ සිත​ත්,Bandula Nanayakkarawasam,බන්දුල නානායක්කාරවසම්,"අකීකරුද ඔබේ හිතත් වෙරලේ පෙරලෙන රල වාගේ
අකීකරුයි මගේ හිතත් හමනා සැඩ සුලක් වාගේ
ඒ සුළගේ පාව යන්න වලා රොදක් සේ නැගෙන්න..",HM Jayawardena,එච් එම් ජයවර්ධ​න,Edward Jayakody,එඩ්වඩ් ජයකො​ඩි,ඔබේ හිතත් වෙරලේ පෙරලෙන රල වාගේ,වෙනස්වන සුළු,මගේ හිතත් හමනා සැඩ සුලක් වාගේ,හානිදායක
Gan iwure thuru latha madulle,ගං ඉවුරේ තුරු ලතා මඩුල්ලේ,Kusum Peiris,කුසුම් පීරිස්,"කුරුලු කැදැල්ලකි පුංචි පැලේ...
ප්‍රේමවන්තයෝ....
ප්‍රේමවන්තයෝ දෙගුරුන් වී..
යලි ඉපදුණ හැටි හරිම අගෙයි...",Rohana Weerasinghe,රෝහණ වීරසිං​හ,Edward Jayakody,එඩ්වඩ් ජයකො​ඩි,කුරුලු කැදැල්ලකි පුංචි පැලේ,ආදරණීය පවුලක්,,
Hadanna Lanwa,හඬන්න ලංව,Bandula Nanayakkarawasam,බන්දුල නානායක්කාරවසම්,"කුමුදු මල් දෙතොල් විදා පිපේ
සඳ රැහැන් වැටී සුනිල් දියේ
කුමුදු මල් දෙතොල් විදා පිපේ
හිරු ඇවිත් එ මල් දවාද",Rohana Weerasinghe,රෝහණ වීරසිං​හ,Edward Jayakody,එඩ්වඩ් ජයකො​ඩි,කුමුදු මල් දෙතොල්,තොල් වල සිනිදු බව,,
Mage Kandulin Nima wu,මගෙ කදුලින් නිමා වූ,Ajantha Ranasinghe,අජන්තා රණසිංහ,"මගෙ කදුළින් නිමා වු
මාවතේ මාවතේ
ඔහු සමගින් ඔබ
මන්දහාසින් යන ගමනේ
මගේ යුග නෙතු
ඔබට හිරු සඳු වේවා",Premasiri Kemadasa,ප්‍රේමසිරි කේමදා​ස,Edward Jayakody,එඩ්වඩ් ජයකො​ඩි,මගේ යුග නෙතු ඔබට හිරු සඳු වේවා,සදා කල් පැවතීමට සුබ පැතීම,,
Malathi Wasanthe,මාලතී වසන්තේ,Kumaradasa Saputhanthree,කුමාරදාස සපුතන්​ත්‍රී,"මුතු හසරැල් සැලෙනා දෑසේ
පිනි කඳුලැල් පුරවා රහසේ",Rohana Weerasinghe,රෝහණ වීරසිං​හ,Edward Jayakody,එඩ්වඩ් ජයකො​ඩි,මුතු හසරැල්,සිනාවේ වටිනාකම,පිනි කඳුලැල්,කඳුළු වල ස්වරූපය 
Palanchiye lee iruwe,පලංචියේ ලී ඉරුවේ,Wasantha Kumara,වසන්ත කුමාර,"විරසක වී රුපුන් ලෙස යුද වදින්නද
කුළුදුල් පෙම මෙයයි ඉන් අත් ‍මිදෙන්නද..
පෙම්දම් නිසා මිතුදම් සිඳ දමන්නද..
හොදහිත නු‍ඹෙ තරම් ලොවකින් ලබන්නද.",Rohana Weerasinghe,රෝහණ වීරසිං​හ,Edward Jayakody,එඩ්වඩ් ජයකො​ඩි,රුපුන් ලෙස යුද වදින්නද,සතුරන් වීම,,
Pinna Male Suda,පින්න මලේ සුද,Amarasena Kankanamage,අමරසේන කන්කානම්ගේ,"දුන්න වගේ නැමි බණ්ඩි කුරක්කන්
අන්න බලාපන් අත වනතේ
මන්ද නඟේ නුඹ යන්නෙ ගමෙන් පිට
ගංගොඩ වෙල් එළි පාළු වෙතේ",Rohana Weerasinghe,රෝහණ වීරසිං​හ,Edward Jayakody,එඩ්වඩ් ජයකො​ඩි,දුන්න වගේ නැමි බණ්ඩි කුරක්කන්,හොදින් පැසුණු,,
Landune,ලදුනේ,Ranbanda Senevirathne,රන්බන්ඩා සෙනෙවිරත්න,"බුදුන් දැක නිවන් දකිමැයි
දෙව්රම යන පාර අහන
ඔබ ද පටාචාරාවකි
ඔබ ද කිසාගෝතමියකි
",Premasiri Kemadasa,ප්‍රේමසිරි කේමදා​ස,Amarasiri Peiris,අමරසිරි පීරි​ස්,ඔබ ද පටාචාරාවකි,නිවන් අවබෝධකරගැනීමට තරම් උතුම්,ඔබ ද කිසාගෝතමියකි,නිවන් අවබෝධකරගැනීමට තරම් උතුම්
Sonduriya,සොදුරිය,Samantha Herath,සමන්ත හේරත්,"පෙරුම් පුරා දුක සේ ගලපා ගත්
කවිය ඔබම වී නැළවුන යුගයක
හද රැඳි ඔබ රුව සිහිනෙක වත් නැත
ඒ රුව කොතරම් මිහිරි ද සොඳුරිය",Premasiri Kemadasa,ප්‍රේමසිරි කේමදා​ස,Amarasiri Peiris,අමරසිරි පීරි​ස්,කවිය ඔබම වී,අර්ථවත් බව,,
La dalu bopath,ලා දලු බෝපත්,Rambukkana Siddartha Himi,රඹුක්කන සිද්ධාර්ත හිමි,"ලා දළු බෝ පත් සෙමින් සැලෙන සේ
යශෝදරා දේවී
වාවනු බැරි තැන රහසේ හැඬුවා
පෙර සංසාරේ ඇසුර මතක් වී",HM Jayawardena,එච් එම් ජයවර්ධ​න,Karunarathna Diwulgane,කරුණාරත්න දිවුල්ග​නේ,ලා දළු බෝ පත් සෙමින් සැලෙන සේ,ඉතා සෙමෙන්,,
Mage hitha maha merak nam,මගෙ හිත මහ මෙරක් නම්,Anil Rathnaweera,අනිල් රත්නවීර,"මගේ හිත මහා මෙරක් නම්
තැලෙන තරමට දරා ඉන්නම්
මගේ හිත මහා ගඟක් නම්
දැවෙන තරමට නිවා ගන්නම්",Rohana Weerasinghe,රෝහණ වීරසිං​හ,Karunarathna Diwulgane,කරුණාරත්න දිවුල්ග​නේ,මගේ හිත මහා මෙරක් නම්,විශාල බව,මගේ හිත මහා ගඟක් නම්,විශාල බව
Nelanna beri durin pipee,නෙලන්න බැරි දුරින් පිපී,Bandula Nanayakkarawasam,බන්දුල නානායක්කාරවසම්,"විලක රැයේ පිපෙන මලේ කඳුළු සඟවලා...
නැගෙන සඳේ කිරණ ලෙසේ
ගලමි රැය පුරා...හිරුද හඬවලා...",Rohana Weerasinghe,රෝහණ වීරසිං​හ,Karunarathna Diwulgane,කරුණාරත්න දිවුල්ග​නේ,නැගෙන සඳේ කිරණ ලෙසේ,ආලෝකමත් බව,,
Prathama premaye,ප්‍රථම ප්‍රේමයේ,Sudath Bandara,සුදත් බණ්ඩා​ර,"තරු ඇසක කණිකා දිලෙන
පිනි කඳුලු තැවරී තිබෙන
ප්‍රථම ප්‍රේමයේ මතක අවදි වේ",Rohana Weerasinghe,රෝහණ වීරසිං​හ,Karunarathna Diwulgane,කරුණාරත්න දිවුල්ග​නේ,තරු ඇසක,දීප්තිමත්,,
Sangawanna epa hasarel,සඟවන්න එපා හසරැල්,Wipul Jayasekara,විපුල් ජයසේකර,"සඳ එළිය වගේ ඇවිදින්
හද නොපැතු දිනෙක රහසින්
බැස නොයන් මසිත් අහසින්
අත පොවනු නොහැකි දුරකින්",HM Jayawardena,එච් එම් ජයවර්ධ​න,Karunarathna Diwulgane,කරුණාරත්න දිවුල්ග​නේ,සඳ එළිය වගේ ඇවිදින්,අදුරු ජීවිතයකට ආලෝකය ලබා දෙන ,,
Mahada gagana thale,මහද ගගන ත​ලේ,Yamuna Malini Perera,යමුනා මාලිනී පෙරේරා,"මහද ගගන තලේ සොදුරු සද සම්පත නුබයි
මහද මිහිතලේ ලකල තුරු සම්පත නුඹයි
මහද තුරු හිසේ ප්‍රථම මල් සම්පත නුඹයි",HM Jayawardena,එච් එම් ජයවර්ධ​න,Chandana Liyanaarachchi,චන්දන ලියනාරච්චි,සද සම්පත නුබයි,වටිනා බව,තුරු සම්පත නුඹයි,වටිනා බව
Suwnada Mata dee,සුවඳ මට දී,Yamuna Malini Perera,යමුනා මාලිනී පෙරේරා,"කුරුලු ගීතය වී
පෙම් ස්වරය මට ඇසුනි
කුරුලු ස්වර ගොළුවී
මිහිමතේ තුරු කඩා වැටුනි",Rohana Weerasinghe,රෝහණ වීරසිං​හ,Chandana Liyanaarachchi,චන්දන ලියනාරච්චි,කුරුලු ගීතය වී පෙම් ස්වරය මට ඇසුනි,ආදරයේ මිහිරි බව,,
Sasthara,සාස්තර,Ruhunuketha Dhammadewa Himi,රුහුණුකෙත ධම්මදේව හිමි,"පාන්දර උඩමළුවේ ඇහෙනකොට පිරිත් හඬ
මුදලාලි ලා ඇහැරවනවා විඩාපත් වුන තේ කඩ
දොර දෙකේ දිග බස්වල සුදු ඇදන් පැමිණෙන නඩ
වතු සුද්ද මල් හිනා වෙනවා, සිලි බෑග්වල අඬ, අඬ
දෑතේ රේඛා පීරන
පනාවකි ඇස් පිහාටු
අනාගතයම තෝරන
ජිවිතේ ඇයි කුණාටු",Tharindu Damsara,තරිදු දම්ස​ර,Tharindu Damsara,තරිදු දම්ස​ර,පනාවකි ඇස් පිහාටු,ඇස් වලින් බොහෝ සියුම් දේ දැකිය හැකි බව,,
Kaali,කාලි,Ruhunuketha Dhammadewa thero,රුහුණුකෙත ධම්මදේව හිමි,"ප්රාණ සම පෙම ද්රෝහි වූ දා
ආත්මය විය කඨෝර
සිහින් කෙඳිරිලි කෝල හසරැලි
දවයි මා හද කුටීර 

සත් කඩක් සේ පැළුණු හෘදය
කොහොමහරි මං මහන්නං
කෝන්තරවල කැළැල් නුඹගේ
දෙපා මුලදිම වහන්නං",Tharindu Damsara,තරිදු දම්ස​ර,Kanchana Anuradhi,කාංචනා අනුරා​ධි,ප්‍රාණ සම පෙම,ආදරයේ වටිනාකම,සත් කඩක් සේ,කළකිරුණු
The Chanting of love,ප්‍රේම සජ්ජායනය,Hiran Chathuranga ,හිරාන් චතුරංග,"ආදරේ පිරිතකි
ජීවිතේ සිරිතකි
පන්හිඳේ එති එතී
කවි තිඹිරිගෙයි ලතී
සිරිතටම පිරිත් කී
හිතට සැනසුම් නැතී
පිරිත් සර ඇසි ඇසී
කුමරී සැපසේ නිදී",Tharindu Damsara,තරිදු දම්ස​ර,Tharindu Damsara ,තරිදු දම්ස​ර,ආදරේ පිරිතකි,ආදරයේ උතුම් බව,,
Siyada,සියාදා,Ruhunuketha Dhammadewa Thero,රුහුණුකෙත ධම්මදේව හිමි,"ග්රීසියේ ඉපැරැණි ම දෙවොලක
ප්රේම පහන්සිල දල්වා
ඒ එළියෙන් නෙත් විනි විඳින නිමේෂය
වියෝලාවක ස්වරය මෙන්
පහන් සුව සලසාවී
දිනෙක අප හමුවේවි, සියාදා",Tharindu Damsara ,තරිදු දම්ස​ර ,Manula Nipun,මනුල නිපු​න්,ප්‍රේම පහන්සිල,ආදරය ආලෝකවත් බව,වියෝලාවක ස්වරය මෙන්,ඉතා මිහිරි
Manika,මැණික,Shalika Disanayaka,ශාලිකා දිසානායක,"රෑ දවාලක් නැතිව ඇත්තට හිතේ තරුනෙතු සැලෙනවා
ඇස් අගිස්සෙන් හිනා වෙනකොට කතා සහසක් මැවෙනවා
අතින් අතගෙන පියමනින්නට බලන් දහසක් ඉන්නවා
මුකුත් නොකියම අදත් නුඹෙ මුළු දෙතොල් නළලත තවනවා
හෙටක් ගැන නැති කතාවක අපි වගක් නැති මග රැඳෙනවා
පැතුම් මල් නම් මගේ හිත යට නිමක් නෑ නුඹ දන්නවා
නළල් හත්පට මට උරුම නැති දිනක් අද හෙට ලබනවා
ඉතිං නුඹෙ හසරැල්ල අද්දර එදාටත් මම නිවෙනවා",Tharindu Damsara ,තරිදු දම්ස​ර ,Sonali Perera,සොනාලි පෙරේ​රා,තරු නෙතු,ලස්සන ඇස්,පැතුම් මල්,ඉතාම හොඳ ප්‍රාර්ථනා
Fermina,ෆර්මිනා,Vinodi Perera,විනෝදි පෙරේරා,"සියක් වසකින් අඩක හුදකලා කාර්තුව
ප්රේමයට පවරමී
වහා ඇවිළී මියෙන හදවතක ස්පන්දනය
සුසුමකින් නවතමී
රකිනු බැරි එළිවැටක
අකුරු ගැන නොසිතමී
ෆර්මිනා නුඹ, ප්රේමයට කවියකි
ප්රේමයම කවියකි",Tharindu Damsara ,තරිදු දම්ස​ර ,Tharindu Damsara,තරිදු දම්ස​ර,නුඹ ප්‍රේමයට කවියකි,පරිපූර්ණ ප්‍රේමයක ලස්සන,,
Ahasa Se oba ananthai,අහස සේ ඔබ අනන්තයි,Sunil Ariyarathne,සුනිල් ආරියරත්න,"අහස සේ ඔබ අනන්තයි
සයුර සේ ඔබ අනන්තයි
මේ විශ්වයේ මා දකින්නේ 
ඔබම පමණයි ඔබ අනන්තයි",Rohana Weerasinghe,රෝහණ වීරසිං​හ,Nanda Malini,නන්දා මාලි​නී,අහස සේ ඔබ,කිසි විටෙක වෙනස් නොවන බව,සයුර සේ ඔබ අනන්තයි,කිසි විටෙක වෙනස් නොවන බව
Ammawarune,අම්මාවරුනේ,Darmasiri Gamage,ධර්මසිරි ගමගේ,"අම්මාවරුනේ... අම්මාවරුනේ...
සම්මා සම්බුදු අම්මාවරුනේ
දරුවන්ගේ දුක් කඳුළු දකින දා
සුර ලොව සිට අත පා
ඒ කඳුළැලි පිසිනා...",Premasiri Kemadasa,ප්‍රේමසිරි කේමදා​ස,Nanda Malini,නන්දා මාලි​නී,සම්මා සම්බුදු අම්මාවරුනේ,බුදු වරුන් ගේ ගූණාංග අම්මලාට ද ඇති බව,,
Gangawa Dakinnata Enna,ගංගාව දකින්නට එන්න,Bandula Nanayakkarawasam,බන්දුල නානායක්කාරවසම්,"සා මුවසෙන් බදු නෑ සිය පිරිවර 
රුපුසෙන් හමුවේ කෙසරුන් සේ නැඟුනා 
නීළඹ සිඹිමින් ගහකොළ කදු වැටි 
මව්බිම මතුයේ විරුවන් වෙත නැමු​නා",Rohana Weerasinghe,රෝහණ වීරසිං​හ,Nanda Malini,නන්දා මාලි​නී,සා මුවසෙන් බදු නෑ සිය පිරිවර,අහිංසක,කෙසරුන් සේ නැඟුනා,
Ipanalida Rangai,ඉපනැලිද රඟයි,Bandula Nanayakkarawasam,බන්දුල නානායක්කාරවසම්,"නුබ තරු ලකුණයි
එළියෙන් දරුවන් සැනහේ
නුබ මවක වගේ
හිත බැතිබරවේ
ඉන් මගේ දෑසම බොදවේ",Rohana Weerasinghe,රෝහණ වීරසිං​හ,Nanda Malini,නන්දා මාලි​නී,නුබ තරු ලකුණයි,ඉතාමත් විශේශයෙන් පෙනෙන බව,නුබ මවක වගේ,අම්මා කෙනෙකු වගේ ආදරයෙන් බලාගන්න බව
Jeewithe Kaviyak,ජීවිතේ කවියක්,Bandara Aheliyagoda,බණ්ඩාර ඇහැලියගොඩ,"ජීවිතේ කවියක්..
ආදරේ..සොඳුරු තම වදනක්..
කඳුලැලි බිඳක් - හසරැලි පොදක්..
එකට එක්වූ විට දැනෙයි...
පෙර නොවිදි රසයක්..",Rohana Weerasinghe,රෝහණ වීරසිං​හ,Nanda Malini,නන්දා මාලි​නී,ජීවිතේ කවියක්,ජිවිතය ඉතාමත් පරිපූර්ණ සහ ලස්සන බව,ආදරේ..සොඳුරු තම වදනක්,ආදරය ඉතාම හැඟීම් බර බව
Ma Sandata Kemathi Bawa,මා සඳට කැමති බව,Sunil Ariyarathne,සුනිල් ආරියරත්න,"එක්ටැම්ගෙයි සිරගත කර
සමනළියක අනාථ
ජීවිතයම ඔබ අරගෙන
ඇති දුන් වේදනාව",Rohana Weerasinghe,රෝහණ වීරසිං​හ,Nanda Malini,නන්දා මාලි​නී,"එක්ටැම්ගෙයි සිරගත කර
සමනළියක",බලෙන් සිර කර සිටින බව,,
Megayak se,මේඝයක් සේ,Sunil Ariyarathne,සුනිල් ආරියරත්න,"පෑල දිග රතු ක්ෂිතිජ රේඛාවේ
බුර බුරා නැඟි අග්නි ජාලාවේ
දැවී අළු වී යාද මා
අතරමං වී ඇදෙන මේ ගමනේ..
ආ... ආ ආ.. ආ....
මේඝයක් සේ හුදකලා වී...",Rohana Weerasinghe,රෝහණ වීරසිං​හ,Nanda Malini,නන්දා මාලි​නී,මේඝයක් සේ හුදකලා වී,තනිකම,,
Nawathan Pola obai,නවාතැන්පොල ඔබයි,Sunil Ariyarathne,සුනිල් ආරියරත්න,"නවාතැන්පොළ ඔබයි
ඔබගේ සිනාවයි
ජීවිතේ දිගු වන්දනා ගමනේ
ජීවිතේ දිගු වන්දනා ගමනේ",HM Jayawardena,එච් එම් ජයවර්ධ​න,Nanda Malini,නන්දා මාලි​නී,නවාතැන්පොළ ඔබයි,ජීවිතය කෙ​ටි කාල පරාසයක් බව,ජීවිතේ දිගු වන්දනා ගමනේ,ජීවිත කාලය තුල හොඳ්ඉන් ජීවත් විය යුතු බව
Obai Ramya sanda kirana,ඔබයි රම්‍ය සඳ කිරන,Sunil Ariyarathne,සුනිල් ආරියරත්න,"ඔබයි රම්ය සඳ කිරණ ඝණ අන්ධකාරේ
ඔබයි සෞම්ය තරැ එළිය ගිම්හාන කාලේ
ඔබයි රම්ය සඳ කිරණ ඝණ අන්ධකාරේ
ඔබයි සෞම්ය තරැ එළිය ගිම්හාන කාලේ",HM Jayawardena,එච් එම් ජයවර්ධ​න,Nanda Malini,නන්දා මාලි​නී,ඔබයි රම්ය සඳ කිරණ,ප්‍රේමය පිවිතුරු බව,ඔබයි සෞම්ය තරැ එළිය,ප්‍රේමය පිවිතුරු බව
Premaya nam ragayen thora,ප්‍රේමය නම් රාගයෙන් තොර,Sunil Ariyarathne,සුනිල් ආරියරත්න,"ප්‍රේමය නම් රාගයෙන් තොර
සඳ එලිය සේ අචින්ත්‍යයි
පාරිශුද්ධයි සුරම්‍යයි",HM Jayawardena,එච් එම් ජයවර්ධ​න,Nanda Malini,නන්දා මාලි​නී,"ප්‍රේමය නම් රාගයෙන් තොර
සඳ එලිය සේ",ඉතාමත් පිවිතුරු බව,,
Sulangata Selena,සුලඟට සැලෙනා,Somarathna Disanayake,සෝමරත්න දිසානාය​ක,"මා වට මඳ එළියේ ...
පළඟැටි සේනා සැණකෙළියේ ...
මිහිර බි‍‍ඳේ දෝ සිරුර සිඳේ දෝ
මා කෙලෙසී යා දෝ ...
ඉටි පහනක් දෝ මා ...
නිවි නිවි දැවෙනා - දැවි දැවි නිවෙනා ...",Rohana Weerasinghe,රෝහණ වීරසිං​හ,Nanda Malini,නන්දා මාලි​නී,ඉටි පහනක් දෝ මා,ඉක්මනින් නැති වී යා හකි බව,,
Yamuna Gan thera,යමුනා ගං තෙර,Sunil Ariyarathne,සුනිල් ආරියරත්න,"නළලත බබළන සඳන තලාවයි…
සිරුරත ඝන නිල් මේඝ වළාවයි…
මානස විල මැද රණ තිසරාණනි
වෘන්දා වනයේ වසන්තයයි…
ක්‍රිෂ්ණා.... ක්‍රිෂ්ණා.....ක්‍රිෂ්ණා…",Rohana Weerasinghe,රෝහණ වීරසිං​හ,Nanda Malini,නන්දා මාලි​නී,නළලත බබළන සඳන තලාවයි,"නළලෙහි පූර්න බව, හැඩය",සිරුරත ඝන නිල් මේඝ වළාවයි,සිරුරේ පරිපූර්ණ හැඩය
Thani wennata mage lowe,තනි වෙන්නට මගේ ලොවේ,Buddadasa Galappaththi,බුද්ධදාස ගලප්පත්​ති,"මායාවකි ප්රේමය මා හදවත රිදවූයේ
මායාවකි ප්රේමය මා හදවත රිදවූයේ
සෝ ගීයකි දුක් බර වූ සැනසුම කොහි වේදෝ",Rohana Weerasinghe,රෝහණ වීරසිං​හ,Victor Rathnayaka,වික්ටර් රත්නායක,මායාවකි ප්රේමය,ප්‍රේමය විටෙක නොපවතින බව,,
Amma Sandaki,අම්මා සඳකි,Malani Jayarathne,මාලනී ජයරත්න,"අම්මා සඳකි මම ඒ ලොව හිරුය රිදී
ඒ ඉර හදෙන් නුඹෙ ලෝකය එළිය වුනි
රැකුමට පුතුන් දිවියේ දුක් ගැහැට විදී
පිය සෙනෙහසට කව් ගී ලියැවුනා මදී",Rohana Weerasinghe,රෝහණ වීරසිං​හ,TM Jayarathne,ටී එම් ජයරත්න,අම්මා සඳකි,අම්මාගේ වැදගත්කම,මම ඒ ලොව හිරුය රිදී,සැගව ඇති වටිනාකම
Hiruta Horen ,හිරුට  හොරෙ​න්,Kularathna Ariyawansha,කුලරත්න ආරියවංශ,"ඔබේ නුවන් තරු එළියෙන්
ඒ ලෝකයේ සිරි නරඹන්නම්
තවත් කුමටදෝ එළියක්
මගේ ලෝකයේ",Rohana Weerasinghe,රෝහණ වීරසිං​හ,TM Jayarathne,ටී එම් ජයරත්න,ඔබේ නුවන් තරු එළියෙන්,ඇස් වල ස්වභාවික ලස්සන,,
Jeewithe Amadhara,ජීවිතේ අමධාරා,Gamini Wijethunga,ගාමිණී විජේතුංග,"ආදරේ මල් උයනේ
නෑ ඔබේ හඬ ඇසුනේ
පිපි කුසුම් මල් යහන් තුලට වී
කොවුලනේ නාඬන්නේ",Premasiri Kemadasa,ප්‍රේමසිරි කේමදා​ස,TM Jayarathne,ටී එම් ජයරත්න,ආදරේ මල් උයනේ,ආදරයෙහි ලස්සන බව,,
Mala gira gela,මාල ගිරා ගෙල,Ajantha Ranasinghe,අජන්තා රණසිංහ,"වතු සුදු මල සේ මා
වත රූසිරු බෝමා
කෝළ කොමළ වරුනේ
සිත බැඳුනා ළඳුනේ",Premasiri Kemadasa,ප්‍රේමසිරි කේමදා​ස,TM Jayarathne,ටී එම් ජයරත්න,වතු සුදු මල සේ,පිරිසිදු බව,,
Wala theerayen eha,වලා තීරයෙන් එ​හා,Kularathna Ariyawansha,කුලරත්න ආරියවංශ,"තරංගයක් ලෙසින් ඇදී
බිඳී නොයන් සිතින්
වසන්තයක් ලෙසින් උදාව
එන්න ජීවිතෙන්",Rohana Weerasinghe,රෝහණ වීරසිං​හ,TM Jayarathne,ටී එම් ජයරත්න,තරංගයක් ලෙසින්,ඉක්මනින් නැතිවී යන සුලු බව,වසන්තයක් ලෙසින්,ඉතාමත් ප්‍රීතිමත් බව
Himi Nethi pema kata,හිමි නැති පෙමකට,Kemilas Perera,කැමිලස් පෙරේරා,"කිරිල්ලියක ලෙස ඉගිලී එන්නට
සිතෙයි අත්තටු නැතිද මැවී
වරම් නොවේ මට ඔබ හමුවන්නට
ඈතින් හිඳ හිනැහෙනු මැනවී",Rohana Weerasinghe,රෝහණ වීරසිං​හ,Malani Bulathsinhala,මාලනී බුලත්සිංහල,කිරිල්ලියක ලෙස,ඉතාමත් නිදහ​ස් ලෙස,,
Premaye wil there,ප්‍රේමයේ විල් තෙරේ,Kularathna Ariyawansha,කුලරත්න ආරියවංශ,"ප්රේමයේ විල් තෙරේ
යෞවනේ මල් වනේ
ඇසෙන මේ ගී මියුරු රාවේ
හිතට ආරාධනා",HM Jayawardena,එච් එම් ජයවර්ධ​න,Malani Bulathsinhala,මාලනී බුලත්සිංහල,ප්රේමයේ විල් තෙරේ,ප්‍රේමය සියලු දේනාටම හිමි වන බව,යෞවනේ මල් වනේ,යොවුන් කාලයේ ලස්සන
Senehasa puda,සෙනෙහස පු​දා,Rambukkana Siddartha Himi,රඹුක්කන සිද්ධාර්ත හි​මි,"සෙනෙහස පුදා අම්මාවරුන් වගේ
දහදිය හෙළා මහ සාගරය වගේ
ඔවදන් දෙවා අගනා මුතු මැණික් වගේ
ඇති දැඩි කළා අප සමනළ පැටවු වගේ",HM Jayawardena,එච් එම් ජයවර්ධ​න,Malani Bulathsinhala,මාලනී බුලත්සිංහල,සෙනෙහස පුදා අම්මාවරුන් වගේ,අම්මාවරුන් වගේ දරුවන්ට ආදරේ බව,දහදිය හෙළා මහ සාගරය වගේ,ඉතා මහන්සි වන බව
Sithak Kelesada,සිතක් කෙලෙසද,Kularathna Ariyawansha,කුලරත්න ආරියවංශ,"ඔබෙන් වෙන්වී ගෙවෙන මොහොතක
කල්පයක් වී දැනේ නම්
ඔබෙන් තොර හෙටක් ගැන
සිතා ගන්නේ කෙලෙස දෝ",Rohana Weerasinghe,රෝහණ වීරසිං​හ,Malani Bulathsinhala,මාලනී බුලත්සිංහල,කල්පයක් වී,බොහෝ දිගු කාලයක්,,
Thawa Dinak Gewuna,තව දිනක් ගෙවුනා,Lushan Bulathsinhala,ලූශන් බුලත්සිංහල,"හුදකලා වී ඔහේ පාවෙන වළාවක් බඳු ජීවීතේ
තව දිනක් ගෙවුනා...
ඔබෙන් තොර අයාලේ යන ජීවිතේ
තව දිනක් ගෙවුනා...",HM Jayawardena,එච් එම් ජයවර්ධ​න,Malani Bulathsinhala,මාලනී බුලත්සිංහල,වළාවක් බඳු ජීවීතේ,නිතර වෙනස් වන සුලු බව,,
Anna balan idikada langa,අන්න බලන් ඉදිකඩ ලඟ,Bandara Aheliyagoda,බණ්ඩාර ඇහැලියගොඩ,"අන්න බලන් ඉදිකඩ ළඟ කොක්කු රෑන වගේ ඇවිත්
පුංචි එවුන් නුඹ එනකං පාර බලන්නේ
හීන් සැරේ ගිහින් උන්ට එකතු වෙයන්නේ",Rohana Weerasinghe,රෝහණ වීරසිං​හ,Deepika Priyadarshanee,දීපිකා ප්‍රියදර්ශනී,කොක්කු රෑන වගේ,එක පෙලට සුදු ඇඳගෙන සිටගන සිටින බව,,
Hudakala wu pemwathaneni,හුදකලා වූ පෙම්වතානෙනි,Sunil Gamage,සුනිල් ගමගේ,"දිය රළපෙලකි ඇස කඳුලු හිත දවනා
මහ සමුදුරක කිමිදී සෙනේ පුරනා
රැයක් දවාලක් නොබලා......
ඔබම සෙවූ පෙම්වතියයි මා.....
පෙම්වතානනේ.....",Rohana Weerasinghe,රෝහණ වීරසිං​හ,Deepika Priyadarshanee,දීපිකා ප්‍රියදර්ශනී,දිය රළපෙලකි ඇස,නිතර ඇඬීමට සිදුවන බව,,
Kaviya Oba,කවිය ඔබ,Sunil Gamage,සුනිල් ගමගේ,"කවිය ඔබ
තුන් තිස් පැයක් නිදි වරා වෙහෙසී
සිත දෙගිඩියාවෙන් තවම නොලියූ
කවිය ඔබ කවිය ඔබ",Rohana Weerasinghe,රෝහණ වීරසිං​හ,Deepika Priyadarshanee,දීපිකා ප්‍රියදර්ශනී,කවිය ඔබ,ඉතා පරිපූර්ණ බව,,
Mage Kandulu wel,මගෙ කදුලු වැල්,Bandula Nanayakkarawasam,බන්දුල නානායක්කාරවස​ම්,"ප්රේමය මල් සුවඳක් සේ හමා ආ දිනේ
කෙලෙස සිතන්නද එය මං
මෙවන් චණ්ඩ මාරුතයක් සේ
හැඟුම් පියාපත් සිඳී කියා",Rohana Weerasinghe,රෝහණ වීරසිං​හ,Deepika Priyadarshanee,දීපිකා ප්‍රියදර්ශනී,ප්රේමය මල් සුවඳක් සේ,ඉතා මනරම් බව,චණ්ඩ මාරුතයක් සේ,වෙනස් වෙන සුලු බව
Maha merak lesata,මහා මෙරක් ලෙසට,Bandara Aheliyagoda,බණ්ඩාර ඇහැලියගොඩ,"මහා මෙරක් ලෙසට
හිතේ උපන් බරට
හඬා දොඩා පල නොලබන හින්දා
උදා ළහිරු විලස
එබී හිඳිමු ලොවට
සිනා මලක් මුව අද්දර රන්දා",Rohana Weerasinghe,රෝහණ වීරසිං​හ,Deepika Priyadarshanee,දීපිකා ප්‍රියදර්ශනී,මහා මෙරක් ලෙසට,ඉතා ප්‍රභල ලෙසට,උදා ළහිරු විලස,නැවුම් බව
Mama kandulu binduwak,මම කදුලු බිංදුවක්,Rathna Shree Wijesinghe,රත්න ශ්‍රී විජේසිංහ,"මම කඳුළු බිංදුවක්
සීතලට දැනෙන සිත රිදවන කඳුළු බිංදුවක්
මම කඳුළු බිංදුවක්
සීතලට දැනෙන සිත රිදවන කඳුළු බිංදුවක්
මම කඳුළු බිංදුවක්...",Rohana Weerasinghe,රෝහණ වීරසිං​හ,Deepika Priyadarshanee,දීපිකා ප්‍රියදර්ශනී,මම කඳුළු බිංදුවක්,දුක ඇතිවීමට හේතුවක් බව,,
Me mihi madale samaye mal,මේ මිහි මඩලේ සාමයේ මල්,Darmasiri Gamage,ධර්මසිරි ගමගේ,"මේ මිහිමඩලේ
සාමයෙ මල් දම් ගොතනා
එකමුතු මිනිසුන් වෙසෙනා
ඒ මල් යායට
අප හා එනු මැන
පාද යාත්‍රාවේ
මේ මිහිමඩලේ",Rohana Weerasinghe,රෝහණ වීරසිං​හ,Deepika Priyadarshanee,දීපිකා ප්‍රියදර්ශනී,සාමයෙ මල් දම්,සාමය මල් වගේ හැමෝම ආදරේ කරන දෙයක් බව,,
Oba heenayak wage,ඔබ හීනයක් වගේ,Upul Shantha Sannasgala,උපුල් ශාන්ත සන්නස්ගල,"ඔබ හීනයක් වගේ
හාදු වැස්සක් අරං
සිරි යහන අද්දරට වී
වැතිරෙන්නෙපා සයනේ
මම සස්වාමිකයි ස්වාමී",Rohana Weerasinghe,රෝහණ වීරසිං​හ,Deepika Priyadarshanee,දීපිකා ප්‍රියදර්ශනී,ඔබ හීනයක් වගේ,හීනයක දී තරම් සුන්දර බව,,
Pithu Senehe Pidu Piyeku,පිතු සෙනෙහේ පිදු පියෙකු,Kumaradasa Saputhanthree,කුමාරදාස සපුතන්​ත්‍රී,"හිරු මඞලක් සේ..කිරණ බෙදාදී
නුග සෙවනක් සේ..සිසිළ සදාදී
ජීවිතයේ බර උරින් දරා..
පියවරුමයි ලොව මහ සයුරක් වී
පොලොව නිවාලන්නේ..",Rohana Weerasinghe,රෝහණ වීරසිං​හ,Deepika Priyadarshanee,දීපිකා ප්‍රියදර්ශනී,හිරු මඞලක් සේ,සියලු දෙනාටම කරුණාවන්ත බව,නුග සෙවනක් සේ,සියලු දෙනාට සමානව සලකන බව
Sina Podak wee obage dase,සිනා පොදක් වී ඔබගේ දෑසේ,Kularathna Ariyawansha,කුලරත්න ආරියවංශ,"සෙවනැල්ලක් සේ ඔබ දිවි ගමනේ
අත් වැල වන්නට පැතිම් පැතූ මා
මිරිගුව දක්වා නෙතු යුග රවටා
වල්මත් කරදා සැගව ගියේ ඇයි",Rohana Weerasinghe,රෝහණ වීරසිං​හ,Deepika Priyadarshanee,දීපිකා ප්‍රියදර්ශනී,සෙවනැල්ලක් සේ,අතහැර නොයන බව,,
Sina thotak wiya,සිනා තොටක් විය,Bandula Nanayakkarawasam,බන්දුල නානායක්කාරවසම්,"සිනාතොටක් විය ඔබ පාමුල මා ලද සරදම්...
මහෝගයක් විය ඔබෙන් ලැබු අපමණ අභිමන්...
නොහඩා ඉන්නම් ගිලිහුනු දා පෙම් ලොව මල්දම්
දුටුව නිසා ආදරයේ දෙව්රුව ඔබගෙන් මං...",Rohana Weerasinghe,රෝහණ වීරසිං​හ,Nirosha Wirajini,නිරෝශා විරාජිනී,සිනාතොටක් විය,සතුට උපදවන සුලු බව,මහෝගයක් විය,ශක්තියක් වුනු බව
Sudu Muthu Rala Pela,සුදු මුතු රළ පෙල,Kularathna Ariyawansha,කුලරත්න ආරියවංශ,"සුදු මුතු රළ පෙළ කිඳුරු කොදෙව්වේ
පාවඩ පලස එලා
සිඳුලඳ ගෙනදුන් මුතු කැකුලක් සේ
ඔබ මට තිලිණ වෙලා",Rohana Weerasinghe,රෝහණ වීරසිං​හ,Neela Wickramasinghe,නීලා වික්‍රමසිංහ,මුතු කැකුලක් සේ,අතිශයින්ම වටිනා කම ,,
Unmadawu premadare,උන්මාදවූ ප්‍රේමාදරේ,Camilas Perera,කැමිලස් පෙරේරා,"උන්මාද වූ ප්රේමාදරේ
සමනල වසන්ත යෞවනයේ
සංසාරයේ සුභ ප්රාර්ථනා
ඉඳුනිල් දෙනයන සටහන් වේ",Rohana Weerasinghe,රෝහණ වීරසිං​හ,Kamal Addaraarachchi,කමල් අද්දරආරච්​චි,ඉඳුනිල් දෙනයන,ඇස් වල ස්වභාවික ලස්සන,සමනල වසන්ත යෞවනයේ,යොවුන් කාලයේ සොදුරු බව
Soya diyawu mata saranak,සොයා දියවු මට සරණක්,Sunil Ariyarathne,සුනිල් ආරියරත්න,"මැලවී නෙතු මහනෙල් නා දළු දෙතොලේ
ගිලිහෙයි පෙති සියපත වන් වත මඬලේ
හදෙහි නැගෙන ගිනි කඳුලින් ඉවසමි
හදෙහි නැගෙන ගිනි කඳුලින් ඉවසමි",Rohana Weerasinghe,රෝහණ වීරසිං​හ,Pradeepa Darmadasa,ප්‍රදීපා ධර්මදාස,මහනෙල් නා දළු දෙතොලේ,දෙතොල් වල හැඩය,,
Supem Hengum oben epa,සුපෙම් හැඟුම් ඔබෙන් එපා,Kapila Kumara Kalinga,කපිල කුමාර කාලිංග,"සුපෙම් හැඟුම් ඔබෙන් එපා
මිතුරුදම් විනා
නෞකාවකි ඔබ ඈත සමුදුරේ
මා පහන් ටැඹයි මෑත ගොඩබිමේ",Rohana Weerasinghe,රෝහණ වීරසිං​හ,Pradeepa Darmadasa,ප්‍රදීපා ධර්මදාස,නෞකාවකි ඔබ ඈත සමුදුරේ,ඉතා දුර බව,මා පහන් ටැඹයි මෑත ගොඩබිමේ,මාර්ගය කියා දෙන බව
Payana ira pana kage,පායනා ඉර පාන කාගේ,Bandula Nanayakkarawasam,බන්දුල නානායක්කාරවසම්,"මේ ගඟ දියරැලි වාගේ
පිබිදේ සිතුවිලි මාගේ
මේ ගඟ දියරැලි වාගේ
පිබිදේ සිතුවිලි මාගේ",Rohana Weerasinghe,රෝහණ වීරසිං​හ,Uresha Ravihari,උරේශා රවිහාරි,ගඟ දියරැලි වාගේ,ක්‍රියාශීලි භාවය,,
Kalpana lowa mal wane,කල්පනා ලොව මල් වනේ,Ajantha Ranasinghe,අජන්තා රණසිංහ,"නීල අහසේ තාරකා සේ
ඈ නුවන් දල්වා බලන්නී
ප්රේමයේ මායා දැලින් මා
සිත් නුවන් බඳවා තබන්නී",Premasiri Kemadasa,ප්‍රේමසිරි කේමදා​ස,Abeywardena Balasooriya,අබේවර්ධන බාලසූරිය,නීල අහසේ තාරකා සේ,දීප්තිමත්,,
relakin thaniwee ,රැලකින් තනි​වී,Premakeerthi Alwis,ප්‍රේමකීර්ති අල්විස්,"රැළකින් තනි වී වන මැද සරනා
කැකුළු තුරුණු යාමේ
ඇතෙකුට ඇත් දළ යුවලක් වාගෙයි
මට ඔබගේ ප්‍රේමේ",Rohana Weerasinghe,රෝහණ වීරසිං​හ,Abeywardena Balasooriya,අබේවර්ධන බාලසූරිය,ඇත් දළ යුවලක් වාගෙයි,"ශක්තිමත්, පිරිසිදු භාවය",,
Mata Asai hinahenna,මට ආසයි හිනැහෙන්න,Darmasiri Gamage,ධර්මසිරි ගමගේ,"හැමදාම එකවාගෙ නැති ජීවිතේ
මල් පාට මල් හීනයක් ජීවිතේ
තව හිනැහෙන්නම් දැන් කවුද මට ආදරේ
තව හිනැහෙන්නම් දැන් කවුද මට ආදරේ",Premasiri Kemadasa,ප්‍රේමසිරි කේමදා​ස,Anjalin Gunathilake,ඇන්ජලීන් ගුණතිලක,මල් පාට මල් හීනයක් ජීවිතේ,ජීවිතේ සොදුරු බව,,
Hiru hinahena gana,හිරු හිනැහෙන ඝන ,Sunil Ariyarathne,සුනිල් ආරියරත්න,"හිරු හිනැහෙන ගන නිල්වන් අහසේ
පහනකි මා හිරු එළියෙහි නොදිලෙන
පහන ඔබය ඔබමය මා පැතුමද
හිරු නොව සැඩ කිරනින් මා වෙහෙසන",Rohana Weerasinghe,රෝහණ වීරසිං​හ,Bandara Athawuda,බණ්ඩාර අතාවුද,පහනකි මා හිරු එළියෙහි නොදිලෙන,වටිනාකම වැඩි තැනක තමාගේ වටිනාකම අඩුවෙන් පෙනීම,,